<?xml version="1.0"?>
<!DOCTYPE hibernate-configuration PUBLIC
	"-//Hibernate/Hibernate Configuration DTD 3.0//EN"
	"http://hibernate.sourceforge.net/hibernate-configuration-3.0.dtd">

<hibernate-configuration>
	<session-factory>
		<property name="show_sql">true</property>
		<property name="connection.driver_class">oracle.jdbc.driver.OracleDriver</property>
		<property name="connection.url">jdbc:oracle:thin:@192.168.0.23:1521:tarena</property>
		<property name="connection.username">openlab</property>
		<property name="connection.password">open123</property>
		<property name="connection.isolation">2</property>
		<property name="dialect">org.hibernate.dialect.Oracle9Dialect</property>
		<mapping resource="com/tarena/ebank/biz/entity/Account.hbm.xml"/>
		
	</session-factory>
</hibernate-configuration>